City,State,Address,Phone,Lat,Lng,Business Name,Zip,Opening Hours JSON
New York,NY,123 Main St,555-1001,40.7128,-74.0060,NY Downtown Office,10001,"[{""day"":""Monday"",""open"":""09:00"",""close"":""18:00""}]"
Los Angeles,CA,456 Sunset Blvd,555-1002,34.0522,-118.2437,LA Headquarters,90001,"[{""day"":""Monday"",""open"":""08:30"",""close"":""17:30""}]"
Chicago,IL,789 Lake Shore Dr,555-1003,41.8781,-87.6298,Chicago Branch,60601,"[{""day"":""Monday"",""open"":""09:00"",""close"":""17:00""}]"
Houston,TX,321 Bayou St,555-1004,29.7604,-95.3698,Houston Office,77002,"[{""day"":""Monday"",""open"":""08:00"",""close"":""16:00""}]"
Miami,FL,654 Ocean Dr,555-1005,25.7617,-80.1918,Miami Branch,33101,"[{""day"":""Monday"",""open"":""10:00"",""close"":""16:00""}]"
Atlanta,GA,111 Peach St,555-1006,33.7490,-84.3880,Atlanta Office,30303,"[{""day"":""Monday"",""open"":""09:00"",""close"":""17:00""}]"
Dallas,TX,222 Elm St,555-1007,32.7767,-96.7970,Dallas Branch,75201,"[{""day"":""Monday"",""open"":""08:30"",""close"":""17:30""}]"
Philadelphia,PA,333 Liberty Ave,555-1008,39.9526,-75.1652,Philadelphia Office,19103,"[{""day"":""Monday"",""open"":""09:00"",""close"":""18:00""}]"
Phoenix,AZ,444 Desert Rd,555-1009,33.4484,-112.0740,Phoenix Branch,85001,"[{""day"":""Monday"",""open"":""09:00"",""close"":""17:00""}]"
San Antonio,TX,555 Riverwalk,555-1010,29.4241,-98.4936,San Antonio Office,78205,"[{""day"":""Monday"",""open"":""08:00"",""close"":""16:00""}]"
San Diego,CA,666 Harbor St,555-1011,32.7157,-117.1611,San Diego Branch,92101,"[{""day"":""Monday"",""open"":""09:00"",""close"":""17:00""}]"
Dallas,TX,777 Commerce St,555-1012,32.7767,-96.7970,Dallas East Office,75202,"[{""day"":""Monday"",""open"":""08:00"",""close"":""16:00""}]"
San Jose,CA,888 Silicon Ave,555-1013,37.3382,-121.8863,San Jose Office,95113,"[{""day"":""Monday"",""open"":""09:00"",""close"":""18:00""}]"
Austin,TX,999 Congress St,555-1014,30.2672,-97.7431,Austin Branch,73301,"[{""day"":""Monday"",""open"":""09:00"",""close"":""17:00""}]"
Jacksonville,FL,101 Main St,555-1015,30.3322,-81.6557,Jacksonville Office,32099,"[{""day"":""Monday"",""open"":""08:30"",""close"":""17:30""}]"
Fort Worth,TX,202 Cowtown Rd,555-1016,32.7555,-97.3308,Fort Worth Branch,76102,"[{""day"":""Monday"",""open"":""09:00"",""close"":""17:00""}]"
Columbus,OH,303 State St,555-1017,39.9612,-82.9988,Columbus Office,43004,"[{""day"":""Monday"",""open"":""08:30"",""close"":""17:30""}]"
Charlotte,NC,404 Queen St,555-1018,35.2271,-80.8431,Charlotte Branch,28202,"[{""day"":""Monday"",""open"":""09:00"",""close"":""17:00""}]"
San Francisco,CA,505 Bay Blvd,555-1019,37.7749,-122.4194,San Francisco Office,94102,"[{""day"":""Monday"",""open"":""09:00"",""close"":""18:00""}]"
Indianapolis,IN,606 Circle Ave,555-1020,39.7684,-86.1581,Indianapolis Branch,46204,"[{""day"":""Monday"",""open"":""08:00"",""close"":""16:00""}]"
Seattle,WA,707 Rainier Rd,555-1021,47.6062,-122.3321,Seattle Office,98101,"[{""day"":""Monday"",""open"":""09:00"",""close"":""17:00""}]"
Denver,CO,808 Mile High St,555-1022,39.7392,-104.9903,Denver Branch,80202,"[{""day"":""Monday"",""open"":""08:30"",""close"":""17:30""}]"
Washington,DC,909 Capitol St,555-1023,38.9072,-77.0369,DC Office,20001,"[{""day"":""Monday"",""open"":""09:00"",""close"":""18:00""}]"
Boston,MA,1010 Freedom Rd,555-1024,42.3601,-71.0589,Boston Branch,02108,"[{""day"":""Monday"",""open"":""09:00"",""close"":""17:00""}]"
El Paso,TX,1111 Desert Blvd,555-1025,31.7619,-106.4850,El Paso Office,79901,"[{""day"":""Monday"",""open"":""08:30"",""close"":""17:30""}]"
Nashville,TN,1212 Music St,555-1026,36.1627,-86.7816,Nashville Branch,37201,"[{""day"":""Monday"",""open"":""09:00"",""close"":""17:00""}]"
Detroit,MI,1313 Motor Rd,555-1027,42.3314,-83.0458,Detroit Office,48201,"[{""day"":""Monday"",""open"":""09:00"",""close"":""18:00""}]"
Oklahoma City,OK,1414 Bricktown Ave,555-1028,35.4676,-97.5164,Oklahoma City Branch,73102,"[{""day"":""Monday"",""open"":""08:00"",""close"":""16:00""}]"
Portland,OR,1515 Rose St,555-1029,45.5051,-122.6750,Portland Office,97201,"[{""day"":""Monday"",""open"":""09:00"",""close"":""17:00""}]"
Las Vegas,NV,1616 Strip Rd,555-1030,36.1699,-115.1398,Las Vegas Branch,89101,"[{""day"":""Monday"",""open"":""09:00"",""close"":""17:30""}]"
Memphis,TN,1717 Blues St,555-1031,35.1495,-90.0490,Memphis Office,38103,"[{""day"":""Monday"",""open"":""08:30"",""close"":""17:00""}]"
Louisville,KY,1818 Derby Rd,555-1032,38.2527,-85.7585,Louisville Branch,40202,"[{""day"":""Monday"",""open"":""09:00"",""close"":""17:00""}]"
Baltimore,MD,1919 Harbor St,555-1033,39.2904,-76.6122,Baltimore Office,21201,"[{""day"":""Monday"",""open"":""09:00"",""close"":""17:00""}]"
Milwaukee,WI,2020 Lake St,555-1034,43.0389,-87.9065,Milwaukee Branch,53202,"[{""day"":""Monday"",""open"":""08:30"",""close"":""17:30""}]"
Albuquerque,NM,2121 Rio Rd,555-1035,35.0844,-106.6504,Albuquerque Office,87102,"[{""day"":""Monday"",""open"":""09:00"",""close"":""17:00""}]"
Tucson,AZ,2222 Desert Rd,555-1036,32.2226,-110.9747,Tucson Branch,85701,"[{""day"":""Monday"",""open"":""08:30"",""close"":""17:00""}]"
Fresno,CA,2323 Valley Rd,555-1037,36.7378,-119.7871,Fresno Office,93701,"[{""day"":""Monday"",""open"":""09:00"",""close"":""17:00""}]"
Sacramento,CA,2424 Capitol St,555-1038,38.5816,-121.4944,Sacramento Branch,95814,"[{""day"":""Monday"",""open"":""09:00"",""close"":""18:00""}]"
Kansas City,MO,2525 Heartland Rd,555-1039,39.0997,-94.5786,Kansas City Office,64101,"[{""day"":""Monday"",""open"":""08:30"",""close"":""17:30""}]"
Long Beach,CA,2626 Harbor Blvd,555-1040,33.7701,-118.1937,Long Beach Branch,90802,"[{""day"":""Monday"",""open"":""09:00"",""close"":""17:00""}]"
Mesa,AZ,2727 Desert St,555-1041,33.4152,-111.8315,Mesa Office,85201,"[{""day"":""Monday"",""open"":""08:00"",""close"":""16:00""}]"
Atlanta,GA,2828 Peach Ave,555-1042,33.7490,-84.3880,Atlanta Downtown,30303,"[{""day"":""Monday"",""open"":""09:00"",""close"":""17:00""}]"
Omaha,NE,2929 Cornhusker Rd,555-1043,41.2565,-95.9345,Omaha Branch,68102,"[{""day"":""Monday"",""open"":""08:30"",""close"":""17:00""}]"
Colorado Springs,CO,3030 Rocky Rd,555-1044,38.8339,-104.8214,Colorado Springs Office,80903,"[{""day"":""Monday"",""open"":""09:00"",""close"":""17:00""}]"
Raleigh,NC,3131 Capital St,555-1045,35.7796,-78.6382,Raleigh Branch,27601,"[{""day"":""Monday"",""open"":""08:30"",""close"":""17:30""}]"
Miami,FL,3232 Biscayne Blvd,555-1046,25.7617,-80.1918,Miami Downtown,33101,"[{""day"":""Monday"",""open"":""09:00"",""close"":""17:00""}]"
Virginia Beach,VA,3333 Ocean View Rd,555-1047,36.8529,-75.9780,Virginia Beach Office,23451,"[{""day"":""Monday"",""open"":""08:30"",""close"":""17:30""}]"
Minneapolis,MN,3434 Lake St,555-1048,44.9778,-93.2650,Minneapolis Branch,55401,"[{""day"":""Monday"",""open"":""09:00"",""close"":""17:00""}]"
Tulsa,OK,3535 River Rd,555-1049,36.1540,-95.9928,Tulsa Office,74103,"[{""day"":""Monday"",""open"":""08:00"",""close"":""16:00""}]"
Arlington,TX,3636 Stadium Rd,555-1050,32.7357,-97.1081,Arlington Branch,76010,"[{""day"":""Monday"",""open"":""09:00"",""close"":""17:00""}]"
